{
  "total_evaluated": 100,
  "new_score": 0.6956521739130435,
  "old_score": 0.7021276595744681,
  "bootstrap": {
    "mean_new": 0.6755031698550866,
    "mean_old": 0.6738362842743422,
    "diff": 0.0016668855807444594,
    "p_value_estimate": 0.506
  }
}