{
  "table": {
    "5NL|15BM|30BH|60BH": [
      -4.1938554585839345,
      0.0
    ],
    "5BL|15BL|30BL|60BL": [
      0.0,
      0.0
    ],
    "5NL|15BL|30BL|60BL": [
      0.0,
      0.0
    ],
    "5NL|15NL|30BL|60BL": [
      0.0,
      0.0
    ],
    "5BL|15NL|30BL|60BL": [
      0.0,
      0.0
    ],
    "5NL|15NL|30NL|60BL": [
      0.0,
      0.0
    ],
    "5BL|15NL|30NL|60BL": [
      0.0,
      0.0
    ],
    "5SL|15NL|30NL|60BL": [
      -4.384984330553259,
      0.0
    ],
    "5SM|15NL|30NL|60BL": [
      -1.6562309982969023,
      -0.375
    ],
    "5BM|15NL|30NL|60BL": [
      0.0,
      0.0
    ],
    "5BM|15NL|30NL|60NL": [
      2.92884014557721,
      0.0
    ],
    "5BM|15BL|30NL|60NL": [
      0.0,
      0.0
    ],
    "5BL|15BL|30NL|60NL": [
      0.13108968749999997,
      0.0
    ],
    "5BL|15NL|30NL|60NL": [
      5.200060937014459,
      0.71
    ],
    "5SL|15SH|30SM|60SH": [
      0.0,
      0.0
    ],
    "5SL|15SL|30SM|60SH": [
      0.0,
      0.0
    ],
    "5NL|15SL|30NL|60SH": [
      0.0,
      0.0
    ],
    "5NL|15NL|30NL|60SH": [
      0.0,
      3.177648418164421
    ],
    "5NL|15NL|30NL|60SM": [
      0.0,
      0.0
    ],
    "5SL|15NL|30NL|60SM": [
      0.0,
      0.0
    ],
    "5SM|15NL|30NL|60SM": [
      0.0,
      0.0
    ],
    "5SL|15NL|30NL|60NL": [
      0.0,
      0.0
    ],
    "5SM|15NL|30NL|60NL": [
      0.0,
      7.451126484718399
    ],
    "5NL|15SL|30NL|60NL": [
      0.0,
      4.834956407566791
    ],
    "5SL|15SL|30NL|60NL": [
      0.0,
      0.0
    ],
    "5NL|15BL|30NL|60NL": [
      0.0,
      0.0
    ],
    "5BM|15BL|30BL|60NL": [
      3.236351185229492,
      0.0
    ],
    "5SL|15SL|30NL|60BL": [
      0.3,
      -3.850939062033455
    ],
    "5NL|15SL|30NL|60BL": [
      0.0,
      0.0
    ],
    "5NL|15NL|30SL|60BL": [
      0.0,
      0.0
    ],
    "5SL|15SL|30SL|60SL": [
      0.0,
      5.035098605075717
    ],
    "5NL|15SL|30SL|60SL": [
      0.0,
      3.2671085676813805
    ],
    "5NL|15NL|30SL|60SL": [
      0.47300625,
      4.521323296927574
    ],
    "5BM|15BH|30BH|60BM": [
      -3.864078842376874,
      0.0
    ],
    "5BL|15BH|30BH|60BM": [
      -3.0171803770286107,
      0.0
    ],
    "5NL|15BH|30BH|60BM": [
      2.5923595517599614,
      0.0
    ],
    "5NL|15BM|30BH|60BM": [
      -4.064827371587754,
      -0.375
    ],
    "5NL|15BM|30BM|60BM": [
      -3.6170639038085937,
      0.0
    ],
    "5NL|15BM|30BM|60BH": [
      0.3,
      0.0
    ],
    "5NL|15NL|30BM|60BM": [
      0.0,
      0.0
    ],
    "5SL|15NL|30BM|60BM": [
      -3.3207195310353943,
      0.0
    ],
    "5SM|15NL|30BM|60BM": [
      -4.003326624631882,
      0.3
    ],
    "5BL|15NL|30NL|60SL": [
      -0.352066072762224,
      -0.375
    ],
    "5BM|15NL|30NL|60SL": [
      2.5749041286204224,
      -0.69375
    ],
    "5SH|15NL|30BL|60BH": [
      -3.770726320257187,
      0.0
    ],
    "5SM|15NL|30BL|60BM": [
      -3.91116495513916,
      0.0
    ],
    "5BH|15NL|30NL|60SL": [
      2.912793662539127,
      -0.375
    ],
    "5NL|15NL|30NL|60SL": [
      0.0,
      0.0
    ],
    "5BM|15BM|30NL|60NL": [
      0.0,
      0.0
    ],
    "5SM|15SM|30NL|60NL": [
      2.8833296914062503,
      10.13106732733085
    ],
    "5SL|15SM|30NL|60NL": [
      0.0,
      0.0
    ],
    "5SL|15SL|30SL|60NL": [
      0.0,
      0.0
    ],
    "5SL|15SM|30SL|60NL": [
      0.0,
      0.0
    ],
    "5SM|15SM|30SL|60NL": [
      0.0,
      0.0
    ],
    "5NL|15SL|30SL|60NL": [
      0.0,
      0.0
    ],
    "5NL|15BM|30NL|60NL": [
      0.0,
      0.0
    ],
    "5BM|15BM|30BL|60NL": [
      0.0,
      0.0
    ],
    "5SL|15BL|30NL|60NL": [
      4.079927380695348,
      0.5549999999999999
    ],
    "5BL|15SL|30NL|60NL": [
      3.2386031582013333,
      0.0
    ],
    "5NL|15SM|30SL|60NL": [
      0.0,
      0.0
    ],
    "5BL|15SL|30SL|60SL": [
      -0.375,
      1.5258146133764618
    ],
    "5NL|15BM|30BL|60NL": [
      0.0,
      0.0
    ],
    "5NL|15BM|30BM|60NL": [
      -3.3407979599346325,
      0.0
    ],
    "5SL|15BH|30BM|60NL": [
      2.828137734462696,
      0.0
    ],
    "5SL|15BM|30BM|60NL": [
      6.53687286304554,
      -0.375
    ],
    "5SL|15BM|30BL|60NL": [
      7.269866015306862,
      0.3
    ],
    "5NL|15BM|30BM|60BL": [
      0.0,
      0.0
    ],
    "5SM|15SL|30SL|60SL": [
      0.0,
      0.0
    ],
    "5NL|15SL|30SM|60SM": [
      0.0,
      0.0
    ],
    "5NL|15SM|30SM|60SM": [
      0.0,
      0.0
    ],
    "5SM|15BL|30NL|60NL": [
      5.383613689150633,
      0.0
    ],
    "5SH|15NL|30NL|60NL": [
      0.3,
      5.853863623424367
    ],
    "5SL|15BM|30NL|60NL": [
      -4.147479817295995,
      0.0
    ],
    "5SM|15BM|30NL|60NL": [
      -1.024338890952309,
      0.0
    ],
    "5NL|15NL|30BM|60NL": [
      0.0,
      0.0
    ],
    "5BL|15BL|30BM|60BL": [
      0.0,
      0.0
    ],
    "5NL|15BL|30BM|60BL": [
      0.0,
      0.0
    ],
    "5NL|15NL|30BL|60NL": [
      0.0,
      0.0
    ],
    "5SM|15NL|30BL|60NL": [
      -1.0239786945527332,
      0.0
    ],
    "5NL|15NL|30BM|60BL": [
      0.0,
      0.0
    ],
    "5BL|15NL|30BM|60BL": [
      0.0,
      0.0
    ],
    "5SM|15SL|30BL|60NL": [
      0.0,
      -4.23388030248168
    ],
    "5BM|15BM|30BM|60BM": [
      -3.6170639038085937,
      0.0
    ],
    "5BL|15BM|30BM|60BM": [
      0.0,
      0.0
    ],
    "5NL|15BL|30BM|60BM": [
      0.0,
      0.0
    ],
    "5SL|15NL|30BM|60BH": [
      3.9798956173475526,
      -0.375
    ],
    "5NL|15SL|30BL|60BM": [
      9.39934746234619,
      -0.375
    ],
    "5NL|15SL|30NL|60BM": [
      10.421612526308802,
      0.0
    ],
    "5SL|15NL|30SL|60SL": [
      0.0,
      0.0
    ],
    "5SM|15NL|30SL|60SL": [
      0.0,
      0.0
    ],
    "5SL|15NL|30NL|60SL": [
      0.7662886299397084,
      1.8997060432515855
    ],
    "5SM|15NL|30NL|60SL": [
      0.0,
      3.098048430731868
    ],
    "5SM|15SL|30NL|60SL": [
      0.0,
      0.0
    ],
    "5SM|15SL|30NL|60NL": [
      0.0,
      0.0
    ],
    "5NL|15SM|30NL|60NL": [
      0.0,
      -1.3043587957192138
    ],
    "5BL|15SM|30NL|60NL": [
      6.923600178640681,
      0.3
    ],
    "5SL|15SL|30SM|60NL": [
      0.0,
      0.0
    ],
    "5SM|15SL|30SM|60NL": [
      0.0,
      0.0
    ],
    "5NL|15SL|30SM|60NL": [
      0.0,
      0.0
    ],
    "5BM|15NL|30SM|60NL": [
      5.202733513725001,
      0.3
    ],
    "5BM|15NL|30SL|60NL": [
      1.0799634184681444,
      1.41125
    ],
    "5NL|15NL|30SL|60NL": [
      -0.375,
      2.924059211181641
    ],
    "5BL|15NL|30SL|60NL": [
      3.9434812838601543,
      0.3
    ],
    "5SM|15SL|30SL|60NL": [
      0.0,
      0.0
    ],
    "5NL|15SL|30NL|60SL": [
      0.0,
      0.0
    ],
    "5NL|15SL|30SL|60SM": [
      0.0,
      0.0
    ],
    "5BL|15BM|30BM|60BL": [
      0.0,
      0.0
    ],
    "5NL|15BM|30BH|60BL": [
      0.0,
      0.0
    ],
    "5SM|15NL|30BM|60BL": [
      -4.249307994400591,
      0.0
    ],
    "5SL|15SL|30BM|60BM": [
      -3.8377655029296878,
      0.0
    ],
    "5NL|15SL|30BM|60BM": [
      -1.0990704323043976,
      -0.375
    ],
    "5BL|15BL|30BL|60BM": [
      0.0,
      0.0
    ],
    "5NL|15BL|30BL|60BM": [
      0.0,
      0.0
    ],
    "5SM|15NL|30BL|60BL": [
      -1.6624122573608398,
      0.3
    ],
    "5SH|15SH|30SH|60SM": [
      0.0,
      4.464682397216797
    ],
    "5SM|15SH|30SH|60SM": [
      0.0,
      0.0
    ],
    "5SL|15SH|30SH|60SM": [
      0.0,
      0.0
    ],
    "5NL|15SM|30SH|60SM": [
      0.0,
      0.0
    ],
    "5NL|15NL|30SM|60SM": [
      0.0,
      0.0
    ],
    "5SM|15NL|30SM|60SM": [
      0.0,
      0.0
    ],
    "5SM|15BL|30SM|60SM": [
      0.0,
      4.308823763427735
    ],
    "5SL|15BL|30SM|60SM": [
      0.0,
      3.7801695312500003
    ],
    "5NL|15BL|30SM|60SM": [
      0.0,
      2.6534169921875
    ],
    "5BM|15NL|30SL|60SL": [
      0.71,
      -0.5636618505767683
    ],