{
  "table": {
    "5NL|15BM|30BH|60BH": [
      -3.2530005815527376,
      0.0
    ],
    "5BL|15BL|30BL|60BL": [
      0.0,
      0.0
    ],
    "5NL|15BL|30BL|60BL": [
      0.0,
      0.0
    ],
    "5NL|15NL|30BL|60BL": [
      0.0,
      0.0
    ],
    "5BL|15NL|30BL|60BL": [
      0.0,
      0.0
    ],
    "5NL|15NL|30NL|60BL": [
      0.0,
      0.0
    ],
    "5BL|15NL|30NL|60BL": [
      0.0,
      0.0
    ],
    "5SL|15NL|30NL|60BL": [
      -3.4151675624348097,
      0.0
    ],
    "5SM|15NL|30NL|60BL": [
      -1.5092243315085536,
      -0.375
    ],
    "5BM|15NL|30NL|60BL": [
      0.0,
      0.0
    ],
    "5BM|15NL|30NL|60NL": [
      0.0,
      0.0
    ],
    "5BM|15BL|30NL|60NL": [
      0.0,
      0.0
    ],
    "5BL|15BL|30NL|60NL": [
      0.0,
      0.0
    ],
    "5BL|15NL|30NL|60NL": [
      0.0,
      0.0
    ],
    "5SL|15SH|30SM|60SH": [
      0.0,
      0.0
    ],
    "5SL|15SL|30SM|60SH": [
      0.0,
      0.0
    ],
    "5NL|15SL|30NL|60SH": [
      0.0,
      0.0
    ],
    "5NL|15NL|30NL|60SH": [
      0.0,
      2.2380328403307277
    ],
    "5NL|15NL|30NL|60SM": [
      0.0,
      0.0
    ],
    "5SL|15NL|30NL|60SM": [
      0.0,
      0.0
    ],
    "5SM|15NL|30NL|60SM": [
      0.0,
      0.0
    ],
    "5SL|15NL|30NL|60NL": [
      0.0,
      0.0
    ],
    "5SM|15NL|30NL|60NL": [
      0.0,
      1.286196019860593
    ],
    "5NL|15SL|30NL|60NL": [
      0.0,
      0.0
    ],
    "5SL|15SL|30NL|60NL": [
      0.0,
      0.0
    ],
    "5NL|15BL|30NL|60NL": [
      0.0,
      0.0
    ],
    "5BM|15BL|30BL|60NL": [
      0.0,
      0.0
    ],
    "5SL|15SL|30NL|60BL": [
      0.3,
      -2.568360491861145
    ],
    "5NL|15SL|30NL|60BL": [
      0.0,
      0.0
    ],
    "5NL|15NL|30SL|60BL": [
      0.0,
      0.0
    ],
    "5SL|15SL|30SL|60SL": [
      0.0,
      0.0
    ],
    "5NL|15SL|30SL|60SL": [
      0.0,
      0.0
    ],
    "5NL|15NL|30SL|60SL": [
      0.0,
      0.0
    ],
    "5BM|15BH|30BH|60BM": [
      -2.6237314180819733,
      0.0
    ],
    "5BL|15BH|30BH|60BM": [
      -2.6372409839017616,
      0.0
    ],
    "5NL|15BH|30BH|60BM": [
      1.7241303744946503,
      0.0
    ],
    "5NL|15BM|30BH|60BM": [
      -2.384961845703125,
      -0.375
    ],
    "5NL|15BM|30BM|60BM": [
      -1.5828125,
      0.0
    ],
    "5NL|15BM|30BM|60BH": [
      0.3,
      0.0
    ],
    "5NL|15NL|30BM|60BM": [
      0.0,
      0.0
    ],
    "5SL|15NL|30BM|60BM": [
      -2.965384033203125,
      0.0
    ],
    "5SM|15NL|30BM|60BM": [
      -1.8087499999999999,
      0.3
    ],
    "5BL|15NL|30NL|60SL": [
      -1.2557641270887747,
      -0.375
    ],
    "5BM|15NL|30NL|60SL": [
      -0.27902925836868997,
      -0.69375
    ],
    "5SH|15NL|30BL|60BH": [
      -2.230344658203125,
      0.0
    ],
    "5SM|15NL|30BL|60BM": [
      -1.7374296875,
      0.0
    ],
    "5BH|15NL|30NL|60SL": [
      0.9899140625,
      -0.375
    ],
    "5NL|15NL|30NL|60SL": [
      0.0,
      0.0
    ],
    "5BM|15BM|30NL|60NL": [
      0.0,
      0.0
    ],
    "5SM|15SM|30NL|60NL": [
      0.0,
      0.0
    ],
    "5SL|15SM|30NL|60NL": [
      0.0,
      0.0
    ],
    "5SL|15SL|30SL|60NL": [
      0.0,
      0.0
    ],
    "5SL|15SM|30SL|60NL": [
      0.0,
      0.0
    ],
    "5SM|15SM|30SL|60NL": [
      0.0,
      0.0
    ],
    "5NL|15SL|30SL|60NL": [
      0.0,
      0.0
    ],
    "5NL|15BM|30NL|60NL": [
      0.0,
      0.0
    ],
    "5BM|15BM|30BL|60NL": [
      0.0,
      0.0
    ],
    "5SL|15BL|30NL|60NL": [
      2.1282450700121096,
      0.5549999999999999
    ],
    "5BL|15SL|30NL|60NL": [
      1.413592751592526,
      0.0
    ],
    "5NL|15SM|30SL|60NL": [
      0.0,
      0.0
    ],
    "5BL|15SL|30SL|60SL": [
      -0.375,
      0.002091530949670073
    ],
    "5NL|15BM|30BL|60NL": [
      0.0,
      0.0
    ],
    "5NL|15BM|30BM|60NL": [
      -2.705188302216336,
      0.0
    ],
    "5SL|15BH|30BM|60NL": [
      0.0535042894531248,
      0.0
    ],
    "5SL|15BM|30BM|60NL": [
      1.58613290984375,
      -0.375
    ],
    "5SL|15BM|30BL|60NL": [
      2.6980693686208204,
      0.3
    ],
    "5NL|15BM|30BM|60BL": [
      0.0,
      0.0
    ],
    "5SM|15SL|30SL|60SL": [
      0.0,
      0.0
    ],
    "5NL|15SL|30SM|60SM": [
      0.0,
      0.0
    ],
    "5NL|15SM|30SM|60SM": [
      0.0,
      0.0
    ],
    "5SM|15BL|30NL|60NL": [
      1.670982358639379,
      0.0
    ],
    "5SH|15NL|30NL|60NL": [
      0.3,
      1.7273564428761081
    ],
    "5SL|15BM|30NL|60NL": [
      -2.4294746210937497,
      0.0
    ],
    "5SM|15BM|30NL|60NL": [
      -0.7260998426757812,
      0.0
    ],
    "5NL|15NL|30BM|60NL": [
      0.0,
      0.0
    ],
    "5BL|15BL|30BM|60BL": [
      0.0,
      0.0
    ],
    "5NL|15BL|30BM|60BL": [
      0.0,
      0.0
    ],
    "5NL|15NL|30BL|60NL": [
      0.0,
      0.0
    ],
    "5SM|15NL|30BL|60NL": [
      -0.4682227238281249,
      0.0
    ],
    "5NL|15NL|30BM|60BL": [
      0.0,
      0.0
    ],
    "5BL|15NL|30BM|60BL": [
      0.0,
      0.0
    ],
    "5SM|15SL|30BL|60NL": [
      0.0,
      -3.0437483032226558
    ],
    "5BM|15BM|30BM|60BM": [
      -1.5828125,
      0.0
    ],
    "5BL|15BM|30BM|60BM": [
      0.0,
      0.0
    ],
    "5NL|15BL|30BM|60BM": [
      0.0,
      0.0
    ],
    "5SL|15NL|30BM|60BH": [
      0.11428906249999993,
      -0.375
    ],
    "5NL|15SL|30BL|60BM": [
      1.9362991015625,
      -0.375
    ],
    "5NL|15SL|30NL|60BM": [
      3.02592088538208,
      0.0
    ],
    "5SL|15NL|30SL|60SL": [
      0.0,
      0.0
    ],
    "5SM|15NL|30SL|60SL": [
      0.0,
      0.0
    ],
    "5SL|15NL|30NL|60SL": [
      0.0,
      0.0
    ],
    "5SM|15NL|30NL|60SL": [
      0.0,
      0.0
    ],
    "5SM|15SL|30NL|60SL": [
      0.0,
      0.0
    ],
    "5SM|15SL|30NL|60NL": [
      0.0,
      0.0
    ],
    "5NL|15SM|30NL|60NL": [
      0.0,
      0.0
    ],
    "5BL|15SM|30NL|60NL": [
      1.518125,
      0.3
    ],
    "5SL|15SL|30SM|60NL": [
      0.0,
      0.0
    ],
    "5SM|15SL|30SM|60NL": [
      0.0,
      0.0
    ],
    "5NL|15SL|30SM|60NL": [
      0.0,
      0.0
    ],
    "5BM|15NL|30SM|60NL": [
      1.518125,
      0.3
    ],
    "5BM|15NL|30SL|60NL": [
      -1.7045546756519048,
      0.3
    ],
    "5NL|15NL|30SL|60NL": [
      0.0,
      0.0
    ],
    "5BL|15NL|30SL|60NL": [
      2.44819765625,
      0.3
    ],
    "5SM|15SL|30SL|60NL": [
      0.0,
      0.0
    ],
    "5NL|15SL|30NL|60SL": [
      0.0,
      0.0
    ],
    "5NL|15SL|30SL|60SM": [
      0.0,
      0.0
    ],
    "5BL|15BM|30BM|60BL": [
      0.0,
      0.0
    ],
    "5NL|15BM|30BH|60BL": [
      0.0,
      0.0
    ],
    "5SM|15NL|30BM|60BL": [
      -3.3304443359375,
      0.0
    ],
    "5SL|15SL|30BM|60BM": [
      -1.428125,
      0.0
    ],
    "5NL|15SL|30BM|60BM": [
      -0.7959765625000002,
      -0.375
    ],
    "5BL|15BL|30BL|60BM": [
      0.0,
      0.0
    ],
    "5NL|15BL|30BL|60BM": [
      0.0,
      0.0
    ],
    "5SM|15NL|30BL|60BL": [
      -1.0625,
      0.3
    ],
    "5SH|15SH|30SH|60SM": [
      0.0,
      0.5748593750000001
    ],
    "5SM|15SH|30SH|60SM": [
      0.0,
      0.0
    ],
    "5SL|15SH|30SH|60SM": [
      0.0,
      0.0
    ],
    "5NL|15SM|30SH|60SM": [
      0.0,
      0.0
    ],
    "5NL|15NL|30SM|60SM": [
      0.0,
      0.0
    ],
    "5SM|15NL|30SM|60SM": [
      0.0,
      0.0
    ],
    "5SM|15BL|30SM|60SM": [
      0.0,
      0.98703125
    ],
    "5SL|15BL|30SM|60SM": [
      0.0,
      0.8
    ],
    "5NL|15BL|30SM|60SM": [
      0.0,
      0.0
    ]
  },
  "visits": {
    "5NL|15BM|30BH|60BH": [
      31,
      0
    ],
    "5BL|15BL|30BL|60BL": [
      0,
      0
    ],
    "5NL|15BL|30BL|60BL": [
      0,
      0
    ],
    "5NL|15NL|30BL|60BL": [
      0,
      0
    ],
    "5BL|15NL|30BL|60BL": [
      0,
      0
    ],
    "5NL|15NL|30NL|60BL": [
      0,
      0
    ],
    "5BL|15NL|30NL|60BL": [
      0,
      0
    ],
    "5SL|15NL|30NL|60BL": [
      25,
      0
    ],