{
  "table": {
    "5NL|15BM|30BH|60BH": [
      -4.150187481926994,
      0.0
    ],
    "5BL|15BL|30BL|60BL": [
      0.0,
      0.0
    ],
    "5NL|15BL|30BL|60BL": [
      0.0,
      0.0
    ],
    "5NL|15NL|30BL|60BL": [
      0.0,
      0.0
    ],
    "5BL|15NL|30BL|60BL": [
      0.0,
      0.0
    ],
    "5NL|15NL|30NL|60BL": [
      0.0,
      0.0
    ],
    "5BL|15NL|30NL|60BL": [
      0.0,
      0.0
    ],
    "5SL|15NL|30NL|60BL": [
      -4.3399721432057925,
      0.0
    ],
    "5SM|15NL|30NL|60BL": [
      -1.715700698328305,
      -0.375
    ],
    "5BM|15NL|30NL|60BL": [
      0.0,
      0.0
    ],
    "5BM|15NL|30NL|60NL": [
      2.2278380488260727,
      0.0
    ],
    "5BM|15BL|30NL|60NL": [
      0.0,
      0.0
    ],
    "5BL|15BL|30NL|60NL": [
      0.14249999999999996,
      0.0
    ],
    "5BL|15NL|30NL|60NL": [
      4.383749014762483,
      0.71
    ],
    "5SL|15SH|30SM|60SH": [
      0.0,
      0.0
    ],
    "5SL|15SL|30SM|60SH": [
      0.0,
      0.0
    ],
    "5NL|15SL|30NL|60SH": [
      0.0,
      0.0
    ],
    "5NL|15NL|30NL|60SH": [
      0.0,
      3.0801978908858945
    ],
    "5NL|15NL|30NL|60SM": [
      0.0,
      0.0
    ],
    "5SL|15NL|30NL|60SM": [
      0.0,
      0.0
    ],
    "5SM|15NL|30NL|60SM": [
      0.0,
      0.0
    ],
    "5SL|15NL|30NL|60NL": [
      0.0,
      0.0
    ],
    "5SM|15NL|30NL|60NL": [
      0.0,
      6.410758001143968
    ],
    "5NL|15SL|30NL|60NL": [
      0.0,
      3.5639150485404887
    ],
    "5SL|15SL|30NL|60NL": [
      0.0,
      0.0
    ],
    "5NL|15BL|30NL|60NL": [
      0.0,
      0.0
    ],
    "5BM|15BL|30BL|60NL": [
      2.6561127734375,
      0.0
    ],
    "5SL|15SL|30NL|60BL": [
      0.3,
      -3.71791874937794
    ],
    "5NL|15SL|30NL|60BL": [
      0.0,
      0.0
    ],
    "5NL|15NL|30SL|60BL": [
      0.0,
      0.0
    ],
    "5SL|15SL|30SL|60SL": [
      0.0,
      3.829663095458984
    ],
    "5NL|15SL|30SL|60SL": [
      0.0,
      2.413248866600868
    ],
    "5NL|15NL|30SL|60SL": [
      0.47300625,
      3.8660001769868586
    ],
    "5BM|15BH|30BH|60BM": [
      -3.735438456502499,
      0.0
    ],
    "5BL|15BH|30BH|60BM": [
      -3.0592457645450657,
      0.0
    ],
    "5NL|15BH|30BH|60BM": [
      2.5023127356799484,
      0.0
    ],
    "5NL|15BM|30BH|60BM": [
      -3.8906031621170043,
      -0.375
    ],
    "5NL|15BM|30BM|60BM": [
      -3.4060852050781247,
      0.0
    ],
    "5NL|15BM|30BM|60BH": [
      0.3,
      0.0
    ],
    "5NL|15NL|30BM|60BM": [
      0.0,
      0.0
    ],
    "5SL|15NL|30BM|60BM": [
      -3.624428629130935,
      0.0
    ],
    "5SM|15NL|30BM|60BM": [
      -3.901469554901123,
      0.3
    ],
    "5BL|15NL|30NL|60SL": [
      -0.4647818084395625,
      -0.375
    ],
    "5BM|15NL|30NL|60SL": [
      2.379680465622121,
      -0.69375
    ],
    "5SH|15NL|30BL|60BH": [
      -3.6109684270095825,
      0.0
    ],
    "5SM|15NL|30BL|60BM": [
      -3.685719940185547,
      0.0
    ],
    "5BH|15NL|30NL|60SL": [
      2.6003801119538585,
      -0.375
    ],
    "5NL|15NL|30NL|60SL": [
      0.0,
      0.0
    ],
    "5BM|15BM|30NL|60NL": [
      0.0,
      0.0
    ],
    "5SM|15SM|30NL|60NL": [
      2.8833296914062503,
      8.27820935888584
    ],
    "5SL|15SM|30NL|60NL": [
      0.0,
      0.0
    ],
    "5SL|15SL|30SL|60NL": [
      0.0,
      0.0
    ],
    "5SL|15SM|30SL|60NL": [
      0.0,
      0.0
    ],
    "5SM|15SM|30SL|60NL": [
      0.0,
      0.0
    ],
    "5NL|15SL|30SL|60NL": [
      0.0,
      0.0
    ],
    "5NL|15BM|30NL|60NL": [
      0.0,
      0.0
    ],
    "5BM|15BM|30BL|60NL": [
      0.0,
      0.0
    ],
    "5SL|15BL|30NL|60NL": [
      3.886391446218939,
      0.5549999999999999
    ],
    "5BL|15SL|30NL|60NL": [
      2.926412990798189,
      0.0
    ],
    "5NL|15SM|30SL|60NL": [
      0.0,
      0.0
    ],
    "5BL|15SL|30SL|60SL": [
      -0.375,
      1.0835262893452953
    ],
    "5NL|15BM|30BL|60NL": [
      0.0,
      0.0
    ],
    "5NL|15BM|30BM|60NL": [
      -3.5890178291982684,
      0.0
    ],
    "5SL|15BH|30BM|60NL": [
      2.1264354233746587,
      0.0
    ],
    "5SL|15BM|30BM|60NL": [
      5.644697027199896,
      -0.375
    ],
    "5SL|15BM|30BL|60NL": [
      6.681555967313856,
      0.3
    ],
    "5NL|15BM|30BM|60BL": [
      0.0,
      0.0
    ],
    "5SM|15SL|30SL|60SL": [
      0.0,
      0.0
    ],
    "5NL|15SL|30SM|60SM": [
      0.0,
      0.0
    ],
    "5NL|15SM|30SM|60SM": [
      0.0,
      0.0
    ],
    "5SM|15BL|30NL|60NL": [
      4.1882575185243205,
      0.0
    ],
    "5SH|15NL|30NL|60NL": [
      0.3,
      4.736359982178076
    ],
    "5SL|15BM|30NL|60NL": [
      -4.067741897415101,
      0.0
    ],
    "5SM|15BM|30NL|60NL": [
      -1.0188032970721401,
      0.0
    ],
    "5NL|15NL|30BM|60NL": [
      0.0,
      0.0
    ],
    "5BL|15BL|30BM|60BL": [
      0.0,
      0.0
    ],
    "5NL|15BL|30BM|60BL": [
      0.0,
      0.0
    ],
    "5NL|15NL|30BL|60NL": [
      0.0,
      0.0
    ],
    "5SM|15NL|30BL|60NL": [
      -0.9981843458715258,
      0.0
    ],
    "5NL|15NL|30BM|60BL": [
      0.0,
      0.0
    ],
    "5BL|15NL|30BM|60BL": [
      0.0,
      0.0
    ],
    "5SM|15SL|30BL|60NL": [
      0.0,
      -4.211790346623239
    ],
    "5BM|15BM|30BM|60BM": [
      -3.4060852050781247,
      0.0
    ],
    "5BL|15BM|30BM|60BM": [
      0.0,
      0.0
    ],
    "5NL|15BL|30BM|60BM": [
      0.0,
      0.0
    ],
    "5SL|15NL|30BM|60BH": [
      2.9571890972409713,
      -0.375
    ],
    "5NL|15SL|30BL|60BM": [
      8.063671511067074,
      -0.375
    ],
    "5NL|15SL|30NL|60BM": [
      9.345722977237301,
      0.0
    ],
    "5SL|15NL|30SL|60SL": [
      0.0,
      0.0
    ],
    "5SM|15NL|30SL|60SL": [
      0.0,
      0.0
    ],
    "5SL|15NL|30NL|60SL": [
      0.7662886299397084,
      1.3007202715130042
    ],
    "5SM|15NL|30NL|60SL": [
      0.0,
      2.3102415320342273
    ],
    "5SM|15SL|30NL|60SL": [
      0.0,
      0.0
    ],
    "5SM|15SL|30NL|60NL": [
      0.0,
      0.0
    ],
    "5NL|15SM|30NL|60NL": [
      0.0,
      -1.33916015625
    ],
    "5BL|15SM|30NL|60NL": [
      6.087152480465889,
      0.3
    ],
    "5SL|15SL|30SM|60NL": [
      0.0,
      0.0
    ],
    "5SM|15SL|30SM|60NL": [
      0.0,
      0.0
    ],
    "5NL|15SL|30SM|60NL": [
      0.0,
      0.0
    ],
    "5BM|15NL|30SM|60NL": [
      4.766088565777778,
      0.3
    ],
    "5BM|15NL|30SL|60NL": [
      0.7226121924710897,
      1.41125
    ],
    "5NL|15NL|30SL|60NL": [
      -0.375,
      2.0253498828125
    ],
    "5BL|15NL|30SL|60NL": [
      3.550973520256484,
      0.3
    ],
    "5SM|15SL|30SL|60NL": [
      0.0,
      0.0
    ],
    "5NL|15SL|30NL|60SL": [
      0.0,
      0.0
    ],
    "5NL|15SL|30SL|60SM": [
      0.0,
      0.0
    ],
    "5BL|15BM|30BM|60BL": [
      0.0,
      0.0
    ],
    "5NL|15BM|30BH|60BL": [
      0.0,
      0.0
    ],
    "5SM|15NL|30BM|60BL": [
      -4.24708389409961,
      0.0
    ],
    "5SL|15SL|30BM|60BM": [
      -3.58785400390625,
      0.0
    ],
    "5NL|15SL|30BM|60BM": [
      -1.0934447284252384,
      -0.375
    ],
    "5BL|15BL|30BL|60BM": [
      0.0,
      0.0
    ],
    "5NL|15BL|30BL|60BM": [
      0.0,
      0.0
    ],
    "5SM|15NL|30BL|60BL": [
      -1.9327196166992187,
      0.3
    ],
    "5SH|15SH|30SH|60SM": [
      0.0,
      3.776122022949219
    ],
    "5SM|15SH|30SH|60SM": [
      0.0,
      0.0
    ],
    "5SL|15SH|30SH|60SM": [
      0.0,
      0.0
    ],
    "5NL|15SM|30SH|60SM": [
      0.0,
      0.0
    ],
    "5NL|15NL|30SM|60SM": [
      0.0,
      0.0
    ],
    "5SM|15NL|30SM|60SM": [
      0.0,
      0.0
    ],
    "5SM|15BL|30SM|60SM": [
      0.0,
      3.7004039111328124
    ],
    "5SL|15BL|30SM|60SM": [
      0.0,
      3.260092578125
    ],
    "5NL|15BL|30SM|60SM": [
      0.0,
      2.37822265625
    ],
    "5BM|15NL|30SL|60SL": [
      0.71,
      -0.5925298797985858
    ],
    "5SL|15SH|30NL|60NL": [
      0.0,
      0.0
    ],