{
  "table": {
    "5NL|15BM|30BH|60BH": [
      -3.689187827123415,
      0.0
    ],
    "5BL|15BL|30BL|60BL": [
      0.0,
      0.0
    ],
    "5NL|15BL|30BL|60BL": [
      0.0,
      0.0
    ],
    "5NL|15NL|30BL|60BL": [
      0.0,
      0.0
    ],
    "5BL|15NL|30BL|60BL": [
      0.0,
      0.0
    ],
    "5NL|15NL|30NL|60BL": [
      0.0,
      0.0
    ],
    "5BL|15NL|30NL|60BL": [
      0.0,
      0.0
    ],
    "5SL|15NL|30NL|60BL": [
      -3.8647817538695803,
      0.0
    ],
    "5SM|15NL|30NL|60BL": [
      -1.6908608595570014,
      -0.375
    ],
    "5BM|15NL|30NL|60BL": [
      0.0,
      0.0
    ],
    "5BM|15NL|30NL|60NL": [
      0.4466866349782886,
      0.0
    ],
    "5BM|15BL|30NL|60NL": [
      0.0,
      0.0
    ],
    "5BL|15BL|30NL|60NL": [
      0.0,
      0.0
    ],
    "5BL|15NL|30NL|60NL": [
      0.0,
      0.0
    ],
    "5SL|15SH|30SM|60SH": [
      0.0,
      0.0
    ],
    "5SL|15SL|30SM|60SH": [
      0.0,
      0.0
    ],
    "5NL|15SL|30NL|60SH": [
      0.0,
      0.0
    ],
    "5NL|15NL|30NL|60SH": [
      0.0,
      2.546024630248046
    ],
    "5NL|15NL|30NL|60SM": [
      0.0,
      0.0
    ],
    "5SL|15NL|30NL|60SM": [
      0.0,
      0.0
    ],
    "5SM|15NL|30NL|60SM": [
      0.0,
      0.0
    ],
    "5SL|15NL|30NL|60NL": [
      0.0,
      0.0
    ],
    "5SM|15NL|30NL|60NL": [
      0.0,
      0.2836065636794378
    ],
    "5NL|15SL|30NL|60NL": [
      0.0,
      0.0
    ],
    "5SL|15SL|30NL|60NL": [
      0.0,
      0.0
    ],
    "5NL|15BL|30NL|60NL": [
      0.0,
      0.0
    ],
    "5BM|15BL|30BL|60NL": [
      0.0,
      0.0
    ],
    "5SL|15SL|30NL|60BL": [
      0.3,
      -2.9887703688958585
    ],
    "5NL|15SL|30NL|60BL": [
      0.0,
      0.0
    ],
    "5NL|15NL|30SL|60BL": [
      0.0,
      0.0
    ],
    "5SL|15SL|30SL|60SL": [
      0.0,
      0.0
    ],
    "5NL|15SL|30SL|60SL": [
      0.0,
      0.0
    ],
    "5NL|15NL|30SL|60SL": [
      0.0,
      0.0
    ],
    "5BM|15BH|30BH|60BM": [
      -3.03029856356148,
      0.0
    ],
    "5BL|15BH|30BH|60BM": [
      -2.9548937191834446,
      0.0
    ],
    "5NL|15BH|30BH|60BM": [
      2.008722780870988,
      0.0
    ],
    "5NL|15BM|30BH|60BM": [
      -2.9355963842773436,
      -0.375
    ],
    "5NL|15BM|30BM|60BM": [
      -2.249609375,
      0.0
    ],
    "5NL|15BM|30BM|60BH": [
      0.3,
      0.0
    ],
    "5NL|15NL|30BM|60BM": [
      0.0,
      0.0
    ],
    "5SL|15NL|30BM|60BM": [
      -3.6823375999450683,
      0.0
    ],
    "5SM|15NL|30BM|60BM": [
      -2.826171875,
      0.3
    ],
    "5BL|15NL|30NL|60SL": [
      -1.0587335643748965,
      -0.375
    ],
    "5BM|15NL|30NL|60SL": [
      1.2503154506588163,
      -0.69375
    ],
    "5SH|15NL|30BL|60BH": [
      -2.735258493652344,
      0.0
    ],
    "5SM|15NL|30BL|60BM": [
      -2.449947265625,
      0.0
    ],
    "5BH|15NL|30NL|60SL": [
      1.386341796875,
      -0.375
    ],
    "5NL|15NL|30NL|60SL": [
      0.0,
      0.0
    ],
    "5BM|15BM|30NL|60NL": [
      0.0,
      0.0
    ],
    "5SM|15SM|30NL|60NL": [
      0.0,
      0.0
    ],
    "5SL|15SM|30NL|60NL": [
      0.0,
      0.0
    ],
    "5SL|15SL|30SL|60NL": [
      0.0,
      0.0
    ],
    "5SL|15SM|30SL|60NL": [
      0.0,
      0.0
    ],
    "5SM|15SM|30SL|60NL": [
      0.0,
      0.0
    ],
    "5NL|15SL|30SL|60NL": [
      0.0,
      0.0
    ],
    "5NL|15BM|30NL|60NL": [
      0.0,
      0.0
    ],
    "5BM|15BM|30BL|60NL": [
      0.0,
      0.0
    ],
    "5SL|15BL|30NL|60NL": [
      2.8356816287130506,
      0.5549999999999999
    ],
    "5BL|15SL|30NL|60NL": [
      1.8606651581580702,
      0.0
    ],
    "5NL|15SM|30SL|60NL": [
      0.0,
      0.0
    ],
    "5BL|15SL|30SL|60SL": [
      -0.375,
      0.22215562586458826
    ],
    "5NL|15BM|30BL|60NL": [
      0.0,
      0.0
    ],
    "5NL|15BM|30BM|60NL": [
      -3.420303926483558,
      0.0
    ],
    "5SL|15BH|30BM|60NL": [
      0.39912991637744155,
      0.0
    ],
    "5SL|15BM|30BM|60NL": [
      2.5966652903224974,
      -0.375
    ],
    "5SL|15BM|30BL|60NL": [
      3.98366771441789,
      0.3
    ],
    "5NL|15BM|30BM|60BL": [
      0.0,
      0.0
    ],
    "5SM|15SL|30SL|60SL": [
      0.0,
      0.0
    ],
    "5NL|15SL|30SM|60SM": [
      0.0,
      0.0
    ],
    "5NL|15SM|30SM|60SM": [
      0.0,
      0.0
    ],
    "5SM|15BL|30NL|60NL": [
      2.1859073473310096,
      0.0
    ],
    "5SH|15NL|30NL|60NL": [
      0.3,
      2.4624676858412906
    ],
    "5SL|15BM|30NL|60NL": [
      -3.225954474365234,
      0.0
    ],
    "5SM|15BM|30NL|60NL": [
      -0.9008546211288451,
      0.0
    ],
    "5NL|15NL|30BM|60NL": [
      0.0,
      0.0
    ],
    "5BL|15BL|30BM|60BL": [
      0.0,
      0.0
    ],
    "5NL|15BL|30BM|60BL": [
      0.0,
      0.0
    ],
    "5NL|15NL|30BL|60NL": [
      0.0,
      0.0
    ],
    "5SM|15NL|30BL|60NL": [
      -0.7258752821533202,
      0.0
    ],
    "5NL|15NL|30BM|60BL": [
      0.0,
      0.0
    ],
    "5BL|15NL|30BM|60BL": [
      0.0,
      0.0
    ],
    "5SM|15SL|30BL|60NL": [
      0.0,
      -3.741112565422058
    ],
    "5BM|15BM|30BM|60BM": [
      -2.249609375,
      0.0
    ],
    "5BL|15BM|30BM|60BM": [
      0.0,
      0.0
    ],
    "5NL|15BL|30BM|60BM": [
      0.0,
      0.0
    ],
    "5SL|15NL|30BM|60BH": [
      0.5223661748046875,
      -0.375
    ],
    "5NL|15SL|30BL|60BM": [
      3.4967509172285465,
      -0.375
    ],
    "5NL|15SL|30NL|60BM": [
      5.00040548046851,
      0.0
    ],
    "5SL|15NL|30SL|60SL": [
      0.0,
      0.0
    ],
    "5SM|15NL|30SL|60SL": [
      0.0,
      0.0
    ],
    "5SL|15NL|30NL|60SL": [
      0.0,
      0.0
    ],
    "5SM|15NL|30NL|60SL": [
      0.0,
      0.0
    ],
    "5SM|15SL|30NL|60SL": [
      0.0,
      0.0
    ],
    "5SM|15SL|30NL|60NL": [
      0.0,
      0.0
    ],
    "5NL|15SM|30NL|60NL": [
      0.0,
      -0.65625
    ],
    "5BL|15SM|30NL|60NL": [
      2.85170703125,
      0.3
    ],
    "5SL|15SL|30SM|60NL": [
      0.0,
      0.0
    ],
    "5SM|15SL|30SM|60NL": [
      0.0,
      0.0
    ],
    "5NL|15SL|30SM|60NL": [
      0.0,
      0.0
    ],
    "5BM|15NL|30SM|60NL": [
      2.57762890625,
      0.3
    ],
    "5BM|15NL|30SL|60NL": [
      -2.4907148021585623,
      0.3
    ],
    "5NL|15NL|30SL|60NL": [
      0.0,
      0.0
    ],
    "5BL|15NL|30SL|60NL": [
      3.797988422729492,
      0.3
    ],
    "5SM|15SL|30SL|60NL": [
      0.0,
      0.0
    ],
    "5NL|15SL|30NL|60SL": [
      0.0,
      0.0
    ],
    "5NL|15SL|30SL|60SM": [
      0.0,
      0.0
    ],
    "5BL|15BM|30BM|60BL": [
      0.0,
      0.0
    ],
    "5NL|15BM|30BH|60BL": [
      0.0,
      0.0
    ],
    "5SM|15NL|30BM|60BL": [
      -4.0317851305007935,
      0.0
    ],
    "5SL|15SL|30BM|60BM": [
      -2.2179687500000003,
      0.0
    ],
    "5NL|15SL|30BM|60BM": [
      -0.9735760498046877,
      -0.375
    ],
    "5BL|15BL|30BL|60BM": [
      0.0,
      0.0
    ],
    "5NL|15BL|30BL|60BM": [
      0.0,
      0.0
    ],
    "5SM|15NL|30BL|60BL": [
      -1.730031640625,
      0.3
    ],
    "5SH|15SH|30SH|60SM": [
      0.0,
      1.4532265625000003
    ],
    "5SM|15SH|30SH|60SM": [
      0.0,
      0.0
    ],
    "5SL|15SH|30SH|60SM": [
      0.0,
      0.0
    ],
    "5NL|15SM|30SH|60SM": [
      0.0,
      0.0
    ],
    "5NL|15NL|30SM|60SM": [
      0.0,
      0.0
    ],
    "5SM|15NL|30SM|60SM": [
      0.0,
      0.0
    ],
    "5SM|15BL|30SM|60SM": [
      0.0,
      1.7202734375000002
    ],
    "5SL|15BL|30SM|60SM": [
      0.0,
      1.4000000000000001
    ],
    "5NL|15BL|30SM|60SM": [
      0.0,
      0.86975
    ],
    "5BM|15NL|30SL|60SL": [
      0.71,
      -0.4217490921049796
    ],
    "5SL|15SH|30NL|60NL": [
      0.0,
      0.0
    ],
    "5NL|15SH|30NL|60NL": [
      0.0,
      -1.2330322265625
    ],
    "5NL|15SM|30SH|60NL": [
      -0.375,
      -1.0148437499999998
    ],
    "5SL|15SL|30SM|60SM": [
      0.0,
      0.0
    ]
  },