{
  "table": {
    "5NL|15BM|30BH|60BH": [
      -4.072555523425768,
      0.0
    ],
    "5BL|15BL|30BL|60BL": [
      0.0,
      0.0
    ],
    "5NL|15BL|30BL|60BL": [
      0.0,
      0.0
    ],
    "5NL|15NL|30BL|60BL": [
      0.0,
      0.0
    ],
    "5BL|15NL|30BL|60BL": [
      0.0,
      0.0
    ],
    "5NL|15NL|30NL|60BL": [
      0.0,
      0.0
    ],
    "5BL|15NL|30NL|60BL": [
      0.0,
      0.0
    ],
    "5SL|15NL|30NL|60BL": [
      -4.259950476810297,
      0.0
    ],
    "5SM|15NL|30NL|60BL": [
      -1.7560134207920979,
      -0.375
    ],
    "5BM|15NL|30NL|60BL": [
      0.0,
      0.0
    ],
    "5BM|15NL|30NL|60NL": [
      1.6408938628383187,
      0.0
    ],
    "5BM|15BL|30NL|60NL": [
      0.0,
      0.0
    ],
    "5BL|15BL|30NL|60NL": [
      0.31725,
      0.0
    ],
    "5BL|15NL|30NL|60NL": [
      3.2895024888048634,
      0.71
    ],
    "5SL|15SH|30SM|60SH": [
      0.0,
      0.0
    ],
    "5SL|15SL|30SM|60SH": [
      0.0,
      0.0
    ],
    "5NL|15SL|30NL|60SH": [
      0.0,
      0.0
    ],
    "5NL|15NL|30NL|60SH": [
      0.0,
      2.950263854514526
    ],
    "5NL|15NL|30NL|60SM": [
      0.0,
      0.0
    ],
    "5SL|15NL|30NL|60SM": [
      0.0,
      0.0
    ],
    "5SM|15NL|30NL|60SM": [
      0.0,
      0.0
    ],
    "5SL|15NL|30NL|60NL": [
      0.0,
      0.0
    ],
    "5SM|15NL|30NL|60NL": [
      0.0,
      4.904098573449094
    ],
    "5NL|15SL|30NL|60NL": [
      0.0,
      2.162430069824813
    ],
    "5SL|15SL|30NL|60NL": [
      0.0,
      0.0
    ],
    "5NL|15BL|30NL|60NL": [
      0.0,
      0.0
    ],
    "5BM|15BL|30BL|60NL": [
      1.9214375000000001,
      0.0
    ],
    "5SL|15SL|30NL|60BL": [
      0.3,
      -3.5405583325039203
    ],
    "5NL|15SL|30NL|60BL": [
      0.0,
      0.0
    ],
    "5NL|15NL|30SL|60BL": [
      0.0,
      0.0
    ],
    "5SL|15SL|30SL|60SL": [
      0.0,
      2.4276453124999997
    ],
    "5NL|15SL|30SL|60SL": [
      0.0,
      1.4984015624999998
    ],
    "5NL|15NL|30SL|60SL": [
      0.47300625,
      2.969990567054207
    ],
    "5BM|15BH|30BH|60BM": [
      -3.5639179420033322,
      0.0
    ],
    "5BL|15BH|30BH|60BM": [
      -3.086003707109423,
      0.0
    ],
    "5NL|15BH|30BH|60BM": [
      2.382250314239931,
      0.0
    ],
    "5NL|15BM|30BH|60BM": [
      -3.6583042161560058,
      -0.375
    ],
    "5NL|15BM|30BM|60BM": [
      -3.1247802734374996,
      0.0
    ],
    "5NL|15BM|30BM|60BH": [
      0.3,
      0.0
    ],
    "5NL|15NL|30BM|60BM": [
      0.0,
      0.0
    ],
    "5SL|15NL|30BM|60BM": [
      -3.835712612030031,
      0.0
    ],
    "5SM|15NL|30BM|60BM": [
      -3.7203903198242188,
      0.3
    ],
    "5BL|15NL|30NL|60SL": [
      -0.6111162893275579,
      -0.375
    ],
    "5BM|15NL|30NL|60SL": [
      2.2223657453912056,
      -0.69375
    ],
    "5SH|15NL|30BL|60BH": [
      -3.3979579026794435,
      0.0
    ],
    "5SM|15NL|30BL|60BM": [
      -3.3851265869140628,
      0.0
    ],
    "5BH|15NL|30NL|60SL": [
      2.219224523225457,
      -0.375
    ],
    "5NL|15NL|30NL|60SL": [
      0.0,
      0.0
    ],
    "5BM|15BM|30NL|60NL": [
      0.0,
      0.0
    ],
    "5SM|15SM|30NL|60NL": [
      2.8833296914062503,
      5.703554278097933
    ],
    "5SL|15SM|30NL|60NL": [
      0.0,
      0.0
    ],
    "5SL|15SL|30SL|60NL": [
      0.0,
      0.0
    ],
    "5SL|15SM|30SL|60NL": [
      0.0,
      0.0
    ],
    "5SM|15SM|30SL|60NL": [
      0.0,
      0.0
    ],
    "5NL|15SL|30SL|60NL": [
      0.0,
      0.0
    ],
    "5NL|15BM|30NL|60NL": [
      0.0,
      0.0
    ],
    "5BM|15BM|30BL|60NL": [
      0.0,
      0.0
    ],
    "5SL|15BL|30NL|60NL": [
      3.640270621393451,
      0.5549999999999999
    ],
    "5BL|15SL|30NL|60NL": [
      2.59993612850443,
      0.0
    ],
    "5NL|15SM|30SL|60NL": [
      0.0,
      0.0
    ],
    "5BL|15SL|30SL|60SL": [
      -0.375,
      0.7842706418660734
    ],
    "5NL|15BM|30BL|60NL": [
      0.0,
      0.0
    ],
    "5NL|15BM|30BM|60NL": [
      -3.730740553825914,
      0.0
    ],
    "5SL|15BH|30BM|60NL": [
      1.4659285562581224,
      0.0
    ],
    "5SL|15BM|30BM|60NL": [
      4.672667407159585,
      -0.375
    ],
    "5SL|15BM|30BL|60NL": [
      5.956428763689811,
      0.3
    ],
    "5NL|15BM|30BM|60BL": [
      0.0,
      0.0
    ],
    "5SM|15SL|30SL|60SL": [
      0.0,
      0.0
    ],
    "5NL|15SL|30SM|60SM": [
      0.0,
      0.0
    ],
    "5NL|15SM|30SM|60SM": [
      0.0,
      0.0
    ],
    "5SM|15BL|30NL|60NL": [
      3.046447119331033,
      0.0
    ],
    "5SH|15NL|30NL|60NL": [
      0.3,
      3.6581337678795207
    ],
    "5SL|15BM|30NL|60NL": [
      -3.9259855954046246,
      0.0
    ],
    "5SM|15BM|30NL|60NL": [
      -1.0056818893561836,
      0.0
    ],
    "5NL|15NL|30BM|60NL": [
      0.0,
      0.0
    ],
    "5BL|15BL|30BM|60BL": [
      0.0,
      0.0
    ],
    "5NL|15BL|30BM|60BL": [
      0.0,
      0.0
    ],
    "5NL|15NL|30BL|60NL": [
      0.0,
      0.0
    ],
    "5SM|15NL|30BL|60NL": [
      -0.9523277259938241,
      0.0
    ],
    "5NL|15NL|30BM|60BL": [
      0.0,
      0.0
    ],
    "5BL|15NL|30BM|60BL": [
      0.0,
      0.0
    ],
    "5SM|15SL|30BL|60NL": [
      0.0,
      -4.159428969773604
    ],
    "5BM|15BM|30BM|60BM": [
      -3.1247802734374996,
      0.0
    ],
    "5BL|15BM|30BM|60BM": [
      0.0,
      0.0
    ],
    "5NL|15BL|30BM|60BM": [
      0.0,
      0.0
    ],
    "5SL|15NL|30BM|60BH": [
      2.003528351418822,
      -0.375
    ],
    "5NL|15SL|30BL|60BM": [
      6.617706623404256,
      -0.375
    ],
    "5NL|15SL|30NL|60BM": [
      8.10877130090094,
      0.0
    ],
    "5SL|15NL|30SL|60SL": [
      0.0,
      0.0
    ],
    "5SM|15NL|30SL|60SL": [
      0.0,
      0.0
    ],
    "5SL|15NL|30NL|60SL": [
      0.7662886299397084,
      0.73047614803876
    ],
    "5SM|15NL|30NL|60SL": [
      0.0,
      1.4745165863950036
    ],
    "5SM|15SL|30NL|60SL": [
      0.0,
      0.0
    ],
    "5SM|15SL|30NL|60NL": [
      0.0,
      0.0
    ],
    "5NL|15SM|30NL|60NL": [
      0.0,
      -1.173046875
    ],
    "5BL|15SM|30NL|60NL": [
      5.1270220100402835,
      0.3
    ],
    "5SL|15SL|30SM|60NL": [
      0.0,
      0.0
    ],
    "5SM|15SL|30SM|60NL": [
      0.0,
      0.0
    ],
    "5NL|15SL|30SM|60NL": [
      0.0,
      0.0
    ],
    "5BM|15NL|30SM|60NL": [
      4.1689672694396975,
      0.3
    ],
    "5BM|15NL|30SL|60NL": [
      0.092086573536451,
      1.41125
    ],
    "5NL|15NL|30SL|60NL": [
      -0.375,
      1.0255062499999998
    ],
    "5BL|15NL|30SL|60NL": [
      2.99395214241001,
      0.3
    ],
    "5SM|15SL|30SL|60NL": [
      0.0,
      0.0
    ],
    "5NL|15SL|30NL|60SL": [
      0.0,
      0.0
    ],
    "5NL|15SL|30SL|60SM": [
      0.0,
      0.0
    ],
    "5BL|15BM|30BM|60BL": [
      0.0,
      0.0
    ],
    "5NL|15BM|30BH|60BL": [
      0.0,
      0.0
    ],
    "5SM|15NL|30BM|60BL": [
      -4.237711553736631,
      0.0
    ],
    "5SL|15SL|30BM|60BM": [
      -3.254638671875,
      0.0
    ],
    "5NL|15SL|30BM|60BM": [
      -1.0801097266376019,
      -0.375
    ],
    "5BL|15BL|30BL|60BM": [
      0.0,
      0.0
    ],
    "5NL|15BL|30BL|60BM": [
      0.0,
      0.0
    ],
    "5SM|15NL|30BL|60BL": [
      -2.074964990234375,
      0.3
    ],
    "5SH|15SH|30SH|60SM": [
      0.0,
      3.0489072265625
    ],
    "5SM|15SH|30SH|60SM": [
      0.0,
      0.0
    ],
    "5SL|15SH|30SH|60SM": [
      0.0,
      0.0
    ],
    "5NL|15SM|30SH|60SM": [
      0.0,
      0.0
    ],
    "5NL|15NL|30SM|60SM": [
      0.0,
      0.0
    ],
    "5SM|15NL|30SM|60SM": [
      0.0,
      0.0
    ],
    "5SM|15BL|30SM|60SM": [
      0.0,
      3.06418490234375
    ],
    "5SL|15BL|30SM|60SM": [
      0.0,
      2.676734375
    ],
    "5NL|15BL|30SM|60SM": [
      0.0,
      2.011296875
    ],
    "5BM|15NL|30SL|60SL": [
      0.71,
      -0.6051082895708321
    ],
    "5SL|15SH|30NL|60NL": [
      0.0,
      0.0
    ],